Exit,Highway,County,Total_Accidents,Avg_Latitude,Avg_Longitude,County_old
66B,4,0,118,37.9642127966,-121.273740085,6
17,4,1,40,38.01857475,-121.959024,7
67,4,0,150,37.9529519333,-121.2736848,6
30,4,1,22,37.97175,-121.723967273,7
15A,4,1,11,38.0084863636,-122.025332727,7
10,4,1,9,37.9942122222,-122.108251111,7
19,4,1,40,38.01983525,-121.96180775,7
68A,4,0,182,37.9599291758,-121.251977473,6
15B,4,1,20,38.0123765,-122.0070995,7
27B,4,1,49,37.9117504082,-121.898978776,7
66A,4,0,77,37.959091039,-121.284910909,6
31,4,1,9,37.98745,-121.726477778,7
09,4,1,9,37.9911811111,-122.12657,7
12A,4,1,23,37.9961186957,-122.106393043,7
65A,4,0,219,37.9161350685,-121.300452511,6
05,4,1,26,38.0153630769,-122.247491154,7
28,4,1,28,37.9975342857,-121.7946975,7
06,4,1,15,37.9979533333,-122.151736667,7
03,4,1,1,38.01479,-122.19185,7
13,4,1,15,38.00355,-122.04404,7
176A,5,2,31,34.4962480645,-118.65447871,8
790,5,3,10,41.828633,-122.536285,9
684,5,4,13,40.6283815385,-122.340837692,10
39,5,5,112,33.0411851786,-117.261373393,11
51B,5,5,101,33.2131631683,-117.338980198,11
610,5,6,15,39.4374086667,-122.208806667,12
458A,5,0,42,37.7434083333,-121.378,6
47,5,5,128,33.1390976563,-117.317143281,11
162,5,2,905,34.343864232,-118.527666122,8
588,5,7,23,39.2931891304,-122.181946957,13
51C,5,5,227,33.1789746696,-117.347819075,11
707,5,4,24,40.9488991667,-122.42803,10
16B,5,5,103,32.7292117476,-117.161692136,11
759,5,3,6,41.6133333333,-122.513733333,9
468,5,0,159,37.8931635849,-121.281796352,6
675,5,4,45,40.5397257778,-122.324331111,10
173,5,2,218,34.4726280734,-118.62172945,8
16A,5,5,105,32.7313266667,-117.16788181,11
166,5,2,252,34.3739166667,-118.561243651,8
33B,5,5,266,32.9398843233,-117.239626617,11
690,5,4,24,40.73938875,-122.316766667,10
740,5,3,10,41.32322,-122.323021,9
665,5,4,15,40.3811126667,-122.269948,10
28B,5,5,248,32.8983255242,-117.226899032,11
537,5,8,21,38.674127619,-121.744383333,14
667A,5,4,8,40.4465675,-122.27832125,10
34,5,5,646,32.9974831424,-117.245940186,11
647B,5,9,51,40.1713598039,-122.22541451,15
695,5,4,26,40.7842719231,-122.326743846,10
62,5,5,610,33.3414943279,-117.513850066,11
650,5,9,15,40.1980686667,-122.239192667,15
680,5,4,7,40.6165228571,-122.364531429,10
630,5,9,25,39.8840788,-122.2003352,15
789,5,3,3,41.7890333333,-122.56914,9
698,5,4,29,40.8548027586,-122.355675862,10
191,5,2,244,34.6789301639,-118.773921025,8
22,5,5,208,32.8011960096,-117.212845769,11
693,5,4,24,40.7546091667,-122.298222083,10
647A,5,9,1,40.15811,-122.22324,15
15C,5,5,295,32.7668265424,-117.156133288,11
538,5,8,21,38.6973547619,-121.750107619,14
36,5,5,211,33.0210040284,-117.248415592,11
586,5,7,22,39.2700581818,-122.177846364,13
198A,5,2,35,34.7801431429,-118.777603429,8
31,5,5,180,32.9670138889,-117.2268765,11
21,5,5,241,32.777293195,-117.210797344,11
13A,5,5,168,32.6956608333,-117.131575417,11
14B,5,5,145,32.7213577241,-117.146738345,11
548,5,8,39,38.7719520513,-121.870738462,14
41,5,5,121,33.0599002479,-117.279832562,11
28A,5,5,38,32.8572518421,-117.225478947,11
18A,5,5,107,32.7389604673,-117.175178131,11
567,5,7,36,39.0406277778,-122.07303,13
49,5,5,80,33.157529375,-117.331037125,11
101A,5,10,2017,33.6936012147,-117.754963887,16
10,5,5,133,32.7061775188,-117.115745263,11
685,5,4,7,40.6612371429,-122.338415714,10
168,5,2,177,34.4027725989,-118.570605819,8
601,5,6,20,39.315898,-122.207247,12
460,5,0,252,37.7768811905,-121.317896984,6
607,5,6,26,39.3866130769,-122.208366154,12
668,5,4,28,40.4600739286,-122.294536071,10
793,5,3,6,41.816625,-122.559255,9
170,5,2,119,34.4286698319,-118.588095294,8
702,5,4,5,40.9051,-122.38389,10
603,5,6,29,39.5497262069,-122.213569655,12
52,5,5,181,33.1948011602,-117.356478674,11
786,5,3,9,41.5776722222,-122.488751111,9
738,5,3,15,41.3203553333,-122.325703333,9
18B,5,5,248,32.7737079032,-117.19013004,11
667B,5,4,25,40.441716,-122.2799648,10
577,5,7,9,38.5558277778,-122.150334444,13
11A,5,5,59,32.6795723729,-117.115292373,11
169,5,2,277,34.4132018773,-118.580395632,8
26B,5,5,112,32.830491875,-117.231048036,11
53,5,5,122,33.195877541,-117.36159877,11
45,5,5,154,33.1311348052,-117.310271234,11
48,5,5,188,33.1816893085,-117.347379096,11
636,5,9,44,40.045635,-122.220327727,15
736,5,3,4,41.259065,-122.275085,9
618,5,6,8,39.74580875,-122.1878425,12
219,5,11,56,34.9370885714,-118.882183036,17
195,5,2,221,34.7354732127,-118.790322896,8
465,5,0,152,37.8625481579,-121.278319671,6
770,5,3,2,41.68331,-122.628895,9
161B,5,2,392,34.327997449,-118.492282832,8
50,5,5,63,33.1766052381,-117.329670159,11
737,5,3,20,41.2997375,-122.314139,9
458B,5,0,240,37.7625197083,-121.332318375,6
44,5,5,227,33.0960791189,-117.29836978,11
753,5,3,7,41.5018185714,-122.466525714,9
161A,5,2,602,34.3196415781,-118.493257176,8
32,5,5,204,32.9609066176,-117.232138627,11
773,5,3,1,41.72023,-122.63774,9
692,5,4,12,40.7528,-122.304543333,10
167,5,2,234,34.4178002991,-118.561672778,8
775,5,3,2,41.737995,-122.346355,9
541,5,8,12,38.6976291667,-121.7704275,14
649,5,9,52,40.1872217308,-122.229665,15
467B,5,0,130,37.8767806154,-121.285542154,6
710,5,4,11,40.4902045455,-122.409483636,10
17,5,5,166,32.7692757229,-117.168808133,11
556,5,8,33,38.9007212121,-121.954039697,14
751,5,3,6,41.3945633333,-122.383725,9
681B,5,4,15,40.6237253333,-122.366349333,10
670,5,4,45,40.4951862222,-122.319263333,10
536,5,8,11,38.6789936364,-121.753153636,14
29,5,5,166,32.8825211446,-117.221450301,11
542,5,8,30,38.760587,-121.844089667,14
462,5,0,121,37.799472562,-121.289928843,6
554,5,8,16,38.870535625,-121.963243125,14
540,5,8,12,38.7085083333,-121.788361667,14
14A,5,5,12,32.7040183333,-117.1452575,11
183,5,2,412,34.6220854854,-118.716419272,8
463,5,0,190,37.8394895789,-121.287611632,6
51A,5,5,206,33.169654466,-117.339207379,11
467A,5,0,64,37.875719375,-121.2770975,6
461,5,0,196,37.7951646429,-121.300307602,6
741,5,3,38,41.3584184211,-122.359963684,9
575,5,7,33,38.8998778788,-122.158330303,13
673,5,4,28,40.5150639286,-122.338484286,10
15B,5,5,111,32.7150540541,-117.146932973,11
677,5,4,32,40.547890625,-122.353447812,10
23B,5,5,306,32.8190228758,-117.226260098,11
766,5,3,2,41.66145,-122.587345,9
71,5,5,87,33.3833418391,-117.573623103,11
19,5,5,230,32.7755432609,-117.207637435,11
12,5,5,154,32.6858427922,-117.142619675,11
198B,5,2,36,34.8110769444,-118.775538611,8
631,5,9,37,39.9170581081,-122.200227568,15
457,5,0,21,37.7546652381,-121.342385238,6
619,5,6,28,39.7368578571,-122.184652857,12
743,5,3,40,41.41318575,-122.38071125,9
748,5,3,14,41.4091885714,-122.401207857,9
54A,5,5,71,33.1998559155,-117.371988169,11
37,5,5,189,33.0175382011,-117.257896508,11
11B,5,5,158,32.6765044937,-117.10951981,11
704,5,4,21,40.9226833333,-122.312643333,10
20,5,5,154,32.7627922078,-117.211427922,11
566,5,7,85,38.9815817647,-122.041753059,13
01A,5,5,161,32.575078882,-117.048119876,11
172,5,2,164,34.4465773171,-118.613255427,8
40,5,5,70,33.0337822857,-117.278031,11
15A,5,5,184,32.7333807609,-117.148477065,11
633,5,9,52,39.9692567308,-122.196879423,15
30,5,5,9,32.9054766667,-117.226284444,11
595,5,6,53,39.4272109434,-122.189220755,12
27,5,5,94,32.8496118085,-117.228324468,11
745,5,3,24,41.4083166667,-122.378699167,9
553,5,8,11,38.8567118182,-121.946554545,14
202,5,2,192,34.8198282292,-118.865840885,8
13B,5,5,232,32.7030965948,-117.138838578,11
689,5,4,6,40.7437683333,-122.315038333,10
159,5,2,347,34.2967758501,-118.475322968,8
776,5,3,24,41.7741841667,-122.57240625,9
43,5,5,127,33.095546378,-117.290008819,11
42,5,5,142,33.0586046479,-117.283512746,11
614,5,6,29,39.6678758621,-122.197323448,12
687,5,4,5,40.665514,-122.298552,10
642,5,9,54,40.1333583333,-122.220721852,15
569,5,7,81,39.0979065432,-122.111391111,13
171,5,2,184,34.4309031522,-118.58668625,8
54B,5,5,606,33.2610274422,-117.409902492,11
199,5,2,227,34.7997393392,-118.821316344,8
747,5,3,7,41.4177414286,-122.387105714,9
734,5,3,22,41.2726327273,-122.289548182,9
09,5,5,93,32.7271678495,-117.128357634,11
678,5,4,28,40.612325,-122.349534643,10
682,5,4,12,40.6125633333,-122.390396667,10
628,5,9,81,39.8309364198,-122.186015556,15
176B,5,2,465,34.545684086,-118.648597785,8
578,5,7,94,39.1793610638,-122.179047021,13
17B,5,5,69,32.76067,-117.17900971,11
37,14,2,209,34.6255252632,-118.160473876,8
41,14,2,98,34.6605164286,-118.153675,8
33,14,2,139,34.5712720144,-118.137200216,8
26,14,2,151,34.4743625828,-118.16519404,8
30,14,2,201,34.5298106965,-118.128758507,8
44,14,2,19,34.6971226316,-118.166956842,8
61,14,11,19,35.0796073684,-118.159831579,17
40,14,2,86,34.6529737209,-118.162267093,8
43,14,2,55,34.6877387273,-118.168790727,8
55,14,11,129,34.8801930233,-118.184455349,17
03,14,2,239,34.4018707113,-118.478911967,8
47,14,2,40,34.763076,-118.18619225,8
42,14,2,47,34.6727357447,-118.177990426,8
49,14,2,82,34.7954956098,-118.169309024,8
24,14,2,191,34.4913158639,-118.192163298,8
05,14,2,254,34.4031499213,-118.448647441,8
02,14,2,852,34.3625630986,-118.494247312,8
46,14,2,20,34.738061,-118.1703795,8
27,14,2,376,34.4951956383,-118.138370824,8
06A,14,2,15,34.3983633333,-118.459385333,8
39,14,2,90,34.6424881111,-118.169558667,8
45,14,2,25,34.7247816,-118.1705212,8
22,14,2,267,34.4493317978,-118.313974307,8
35,14,2,228,34.5949735965,-118.136036272,8
58,14,11,15,34.9260006667,-118.162836667,17
14A,22,10,256,33.7604052344,-117.844456992,16
08,22,10,440,33.7762647273,-117.977715682,16
07,22,10,341,33.7693944282,-117.986572434,16
17A,22,10,21,33.7646547619,-117.782325714,16
13,22,10,1191,33.7682896054,-117.88278885,16
14B,22,10,405,33.7514731605,-117.844930198,16
02,22,10,261,33.7680898084,-118.044896245,16
12,22,10,968,33.778753936,-117.905103089,16
16,22,10,338,33.7388166864,-117.796484201,16
11,22,10,578,33.7926833045,-117.929895623,16
14D,22,10,325,33.7494990462,-117.834413938,16
15,22,10,214,33.8010284112,-117.827358318,16
10,22,10,337,33.7736813056,-117.953273353,16
0-,22,10,424,33.7805123585,-117.965187524,16
05,22,10,433,33.7828602079,-118.015485404,16
133,41,12,95,36.8265122105,-119.787463368,18
126A,41,12,61,36.7178685246,-119.775264918,18
127A,41,12,58,36.7339127586,-119.763389483,18
130,41,12,137,36.7830263504,-119.779134818,18
128,41,12,172,36.7593189535,-119.767327442,18
129,41,12,149,36.7599197315,-119.771100671,18
131,41,12,191,36.8147282723,-119.771202723,18
124,41,12,337,36.5517030267,-119.77395635,18
125,41,12,30,36.715303,-119.786793667,18
132,41,12,96,36.801176875,-119.766005312,18
134,41,12,72,36.8334211111,-119.775971528,18
127B,41,12,120,36.7105271667,-119.750648083,18
126B,41,12,10,36.701613,-119.747834,18
15,50,13,237,38.530971308,-121.276965823,19
13,50,13,337,38.5104903264,-121.312408635,19
54,50,14,38,38.7440260526,-120.643460263,20
06C,50,13,1865,38.5479711903,-121.458430815,19
06A,50,13,233,38.5476992275,-121.482839056,19
49B,50,14,90,38.7039443333,-120.806923556,20
37,50,14,73,38.6583453425,-120.903647123,20
04A,50,13,1105,38.5400912127,-121.499708235,19
39,50,14,32,38.6164365625,-120.867701562,20
41,50,14,54,38.6930035185,-120.880993519,20
43,50,14,80,38.712821,-120.85929125,20
08B,50,13,397,38.5372727204,-121.427986096,19
11,50,13,552,38.493763279,-121.325565471,19
35,50,14,121,38.6480381818,-120.916385124,20
57,50,14,31,38.6932512903,-120.586932903,20
09,50,13,847,38.5328349469,-121.40413961,19
05,50,13,986,38.5394673732,-121.484206014,19
30,50,14,88,38.6186894318,-121.034942386,20
08A,50,13,331,38.5420135347,-121.436918671,19
40,50,14,36,38.6842388889,-120.923494722,20
13,57,2,374,33.9891890642,-117.846659465,8
22D,57,2,243,34.0892867901,-117.81843963,8
15,57,2,890,34.0013363258,-117.83325936,8
21,57,2,19,34.0688010526,-117.813546842,8
24A,57,2,118,34.104680678,-117.81574678,8
0-,57,2,230,33.9711702609,-117.846057304,8
22C,57,2,210,34.0719362381,-117.805198952,8
14,57,2,487,34.0075249076,-117.83430386,8
20,57,2,258,34.0573466667,-117.800063062,8
24B,57,2,395,34.1213552152,-117.820530456,8
172,58,11,46,34.9602021739,-117.959894348,17
116,58,11,61,35.3371968852,-118.942804426,17
117,58,11,50,35.3449066,-118.868658,17
159,58,11,16,35.110259375,-118.24484,17
119,58,11,38,35.3507410526,-118.864206842,17
151,58,11,116,35.1135430172,-118.380946724,17
188,58,11,14,34.9427892857,-117.824279286,17
112,58,11,261,35.3492582375,-118.989210996,17
149,58,11,17,35.1353617647,-118.430592353,17
113,58,11,169,35.3522415385,-119.008960651,17
156,58,11,29,35.131147931,-118.305904483,17
148,58,11,22,35.0908122727,-118.448639091,17
142,58,11,129,35.169036124,-118.488722016,17
139,58,11,61,35.2321911475,-118.589299508,17
115,58,11,45,35.3647002222,-118.959695111,17
196,58,11,17,35.0095329412,-117.657774118,17
186,58,11,23,35.0259030435,-117.819673913,17
110A,58,11,225,35.3384682222,-119.019168756,17
121,58,11,16,35.335828125,-118.828003125,17
111,58,11,241,35.3535029461,-119.019593651,17
194,58,11,3,35.0060533333,-117.737546667,17
114,58,11,65,35.3499096923,-118.984941231,17
195,58,11,5,35.006938,-117.716154,17
193,58,11,7,35.0055342857,-117.738982857,17
167,58,11,3,35.1072633333,-118.177233333,17
36,60,15,61,34.0329732787,-117.597897377,21
34,60,15,77,34.0340096104,-117.639212597,21
52B,60,16,165,33.987409697,-117.442574182,22
32,60,15,222,34.0401744595,-117.692484414,21
20,60,2,389,34.0133887404,-117.958866375,8
03B,60,2,467,34.0518023555,-118.192776531,8
01C,60,2,481,34.0454211227,-118.209104719,8
26,60,2,1028,34.0189418774,-117.78362677,8
03A,60,2,342,34.0484107018,-118.164679123,8
38,60,15,62,34.0276622581,-117.583542419,21
08,60,2,330,34.0686434848,-118.123771727,8
06B,60,2,567,34.0484677425,-118.124825362,8
21,60,2,806,34.0039591687,-117.853637333,8
25,60,2,93,34.0182913978,-117.812810323,8
24A,60,2,1328,33.9994178614,-117.813437605,8
53A,60,16,16,33.959209375,-117.32215,22
43,60,16,198,33.9906000505,-117.490179596,22
28,60,2,477,34.0185155556,-117.749028029,8
24B,60,2,1410,34.0111172979,-117.810679397,8
02,60,2,272,34.0364879044,-118.168595882,8
23,60,2,320,34.0034362813,-117.835336531,8
39,60,15,93,34.028154086,-117.566922258,21
41,60,16,234,33.9927987179,-117.523043504,22
04,60,2,312,34.0456054808,-118.175424776,8
37,60,15,64,34.0485326562,-117.599118125,21
06A,60,2,225,34.0396732889,-118.158390844,8
35,60,15,78,34.0327526923,-117.641757821,21
0-,60,16,161,33.9856489441,-117.538988634,22
45,60,16,139,34.0021333813,-117.463517842,22
33,60,15,115,34.0450553043,-117.665485739,21
29B,60,2,425,34.0319047765,-117.736090376,8
01E,60,2,171,34.043072807,-118.197115088,8
53B,60,16,111,33.9235272973,-117.23763018,22
42,60,16,196,33.976595102,-117.503359388,22
23,85,17,9,37.39505,-122.068783333,23
22C,85,17,12,37.3640875,-122.096739167,23
18,85,17,186,37.3314045699,-122.010322849,23
11B,85,17,349,37.2674879083,-121.961492006,23
20,85,17,133,37.3376708271,-122.041950677,23
22,85,17,31,37.374816129,-122.099686452,23
16,85,17,257,37.320313035,-121.991668482,23
24A,85,17,5,37.409866,-122.075088,23
09,85,17,12,37.0935008333,-121.89706,23
19A,85,17,109,37.3307470642,-122.014588716,23
14,85,17,227,37.2580189868,-121.970653084,23
11A,85,17,87,37.2572314943,-121.94702092,23
10,85,17,38,37.2589231579,-121.935030789,23
19B,85,17,203,37.3444761576,-122.015701379,23
21,91,10,1119,33.8550342538,-118.009031439,16
39,91,10,613,33.8807933442,-117.731999005,16
41,91,10,496,33.8618673387,-117.685807218,16
11,91,2,263,33.8784292776,-118.204488251,8
14B,91,2,266,33.8970882707,-118.141873797,8
33,91,10,279,33.8431430466,-117.901733297,16
14A,91,2,190,33.8671778421,-118.160949947,8
15A,91,2,259,33.872156834,-118.137691622,8
12B,91,2,546,33.8777750366,-118.177326282,8
44,91,16,1355,33.8644482804,-117.640442487,22
17,91,2,192,33.8780956771,-118.1047525,8
08,91,2,201,33.9033531841,-118.239336269,8
12A,91,2,196,33.8861433163,-118.194649439,8
06,91,2,244,33.829782418,-118.27801709,8
34,91,10,544,33.8315469669,-117.802482537,16
16,91,2,873,33.8814796564,-118.111899107,8
07B,91,2,305,33.8854153443,-118.252888328,8
35,91,10,1065,33.8622810798,-117.791885822,16
19A,91,2,340,33.8661808235,-118.070649529,8
40,91,10,273,33.8743882051,-117.70778315,16
07A,91,2,342,33.8506460819,-118.265710292,8
13,91,2,285,33.8720929123,-118.175042912,8
10A,91,2,621,33.8691716908,-118.21174182,8
23A,91,10,601,33.8625953744,-117.991802313,16
23B,91,10,640,33.8736370625,-117.970712156,16
19B,91,2,344,33.8775304942,-118.063287616,8
45,91,16,938,33.8778187846,-117.610171866,22
15B,91,2,322,33.8698754658,-118.13136972,8
17A,91,2,1430,33.8736457622,-118.095008608,8
10,91,2,177,33.887620452,-118.234815763,8
36,91,10,1128,33.8524016135,-117.757612296,16
19C,91,2,225,33.8835364,-118.059447956,8
18,91,2,675,33.875834163,-118.082449289,8
12,92,18,27,37.5593840741,-122.307912963,0
10,92,18,35,37.4833517143,-122.327094,0
24,92,19,247,37.6166480972,-122.123017692,24
11,92,18,27,37.5486011111,-122.317095926,0
14A,92,18,50,37.5477068,-122.2820608,0
09B,92,18,17,37.5287635294,-122.336987647,0
12C,92,18,51,37.5524819608,-122.300216275,0
13,92,18,42,37.5548147619,-122.290598571,0
25A,92,19,167,37.6255002395,-122.108837964,24
08,92,18,24,37.5298733333,-122.303050833,0
09A,92,18,9,37.4933855556,-122.31511,0
227,99,20,173,37.6451524855,-121.011500925,25
203,99,21,117,37.3655417094,-120.727564615,26
211,99,20,326,37.4634183129,-120.854099448,25
28,99,11,90,35.3637056667,-119.064563222,17
297,99,13,52,38.5447701923,-121.469397885,19
226B,99,20,258,37.6338071318,-120.991820814,25
215,99,20,164,37.5314839634,-120.897551341,25
223,99,20,324,37.6009370988,-120.975244846,25
196,99,21,52,37.3422076923,-120.592489808,26
156,99,22,101,36.9311682178,-120.049349109,27
319,99,23,34,38.9902638235,-121.455599412,28
226A,99,20,108,37.6360984259,-121.001807037,25
387B,99,23,2,39.19846,-121.63744,28
220,99,20,358,37.5800802514,-120.95512324,25
159,99,22,89,37.0294164045,-120.140534719,27
225B,99,20,294,37.6292158844,-120.990456088,25
157,99,22,106,36.9836921698,-120.116221038,27
342,99,23,15,39.1022133333,-121.615587333,28
207,99,21,132,37.4004753788,-120.786153106,26
224,99,20,273,37.6010817949,-120.989239158,25
298B,99,13,1,38.55958,-121.47348,19
201,99,21,49,37.3549293878,-120.706807551,26
115,99,12,58,36.4924191379,-119.593599138,18
39,99,11,56,35.5320023214,-119.194831071,17
144,99,22,112,36.8616673214,-119.935595536,27
387A,99,23,4,39.1806825,-121.573465,28
386,99,23,1,39.19056,-121.63648,28
37,99,11,99,35.476349798,-119.145777273,17
214,99,20,101,37.4939720792,-120.875278416,25
44,99,11,130,35.6008917692,-119.198387308,17
213,99,20,104,37.4657620192,-120.854298365,25
230,99,20,294,37.6781239116,-121.052780986,25
147,99,22,113,36.9039659292,-120.009461593,27
114,99,12,47,36.5278502128,-119.582968511,18
218,99,20,181,37.5506162983,-120.93223337,25
225A,99,20,272,37.6041729044,-120.988268346,25
233,99,20,263,37.7076269202,-121.092536996,25
229,99,20,575,37.6530312696,-121.014895078,25
30,99,11,90,35.4089775556,-119.085060444,17
217,99,20,163,37.5405815951,-120.89600638,25
29,99,11,166,35.4171566867,-119.074416325,17
232,99,20,197,37.6814993401,-121.073386802,25
112,99,12,135,36.5027201481,-119.561214963,18
204,99,21,65,37.4161941538,-120.770768462,26
109,99,24,211,36.3633450711,-119.432666398,29
222,99,20,220,37.5853097727,-120.971565545,25
639B,101,25,5,40.383844,-123.842744,30
671,101,25,3,40.4394066667,-124.00049,30
377A,101,17,21,37.2295504762,-121.764614762,23
357,101,17,194,37.0400327835,-121.574001907,23
636,101,25,12,40.3502825,-123.867868333,30
347,101,26,2,36.89097,-121.55871,31
251,101,27,12,35.8920141667,-120.847046667,3
132,101,28,117,34.5630205128,-120.211275641,4
282B,101,27,51,36.1766803922,-121.128942353,3
548A,101,29,8,39.13699125,-123.196275,32
433A,101,30,1,37.48479,-122.40331,33
667A,101,25,5,40.376104,-123.885524,30
196,101,31,104,35.2122583654,-120.685528269,5
260,101,27,14,35.9782864286,-120.904855,3
01B,101,2,91,34.0678428571,-118.223121648,8
386A,101,17,150,37.3637964,-121.851781267,23
462B,101,32,77,38.1093551948,-122.554203636,34
791,101,33,1,41.77493,-124.18645,35
545,101,29,7,38.9371828571,-123.084174286,32
360,101,17,164,37.0817089634,-121.576919451,23
193,101,31,134,35.1545730597,-120.68710403,5
680,101,25,2,40.499315,-124.09924,30
140A,101,28,12,34.5942741667,-120.180280833,4
555B,101,29,17,39.2206188235,-123.212061176,32
546,101,29,9,39.1197477778,-123.186356667,32
721,101,25,11,40.8376918182,-123.925938182,30
676,101,25,18,40.4427877778,-124.080523889,30
722,101,25,19,40.9751173684,-124.113409474,30
71,101,34,214,34.2643949533,-119.227958692,2
377B,101,17,209,37.2526543541,-121.77542512,23
462A,101,32,82,38.0914280488,-122.555144756,34
385B,101,17,306,37.3080704902,-121.818358627,23
422,101,18,88,37.5967868182,-122.383648977,0
373,101,17,309,37.2212726214,-121.737764045,23
62B,101,34,117,34.2390335897,-119.178617521,2
645,101,25,8,40.25051875,-123.74955625,30
01A,101,2,278,34.0483371583,-118.219746691,8
366,101,17,158,37.1370205696,-121.640375949,23
258,101,27,16,35.95864125,-120.8842925,3
330,101,27,66,36.7266460606,-121.642379848,3
72,101,34,319,34.3166170219,-119.364641285,2
718,101,25,22,40.9283290909,-124.112168182,30
716B,101,25,24,40.7341991667,-124.102212083,30
365,101,17,104,37.1189160577,-121.633433462,23
353,101,17,95,36.9661472632,-121.562050105,23
734,101,25,2,41.38598,-124.03962,30
278,101,27,17,36.1944988235,-121.034427647,3
282A,101,27,12,36.2140566667,-121.147226667,3
355,101,17,87,37.0412064368,-121.605694943,23
273,101,27,48,36.1585397917,-121.055788542,3
719,101,25,15,40.9428346667,-124.115758667,30
728,101,25,6,41.0407816667,-124.11793,30
639A,101,25,1,40.1034,-123.79521,30
663,101,25,3,40.0215933333,-123.710966667,30
328,101,27,26,36.2888330769,-121.245368462,3
609,101,29,5,39.611664,-123.625128,32
731,101,25,5,41.125668,-124.15116,30
505,101,32,119,38.1378526891,-122.553048319,34
128,101,28,1387,34.4112607931,-119.648823634,4
244,101,27,20,35.8340465,-120.772992,3
362,101,17,251,37.1095188845,-121.610162311,23
557,101,29,21,39.3676942857,-123.313871429,32
271,101,27,17,36.1057758824,-121.018569412,3
460,101,32,11,38.0880572727,-122.555094545,34
263,101,27,29,36.0690506897,-121.022022414,3
281,101,27,17,36.1978476471,-120.982183529,3
614,101,29,7,40.00531,-123.807462857,32
329,101,27,42,36.6921897619,-121.657314524,3
433B,101,30,7,37.7984514286,-122.448392857,33
549,101,29,29,39.1566131034,-123.224040345,32
252,101,27,64,35.9002054688,-120.843207812,3
423A,101,18,39,37.6021017949,-122.383497692,0
679,101,25,5,40.488754,-124.092318,30
642,101,25,9,40.1470655556,-123.718894444,30
345,101,26,60,36.9548095,-121.576425833,31
63B,101,34,481,34.2541231809,-119.19619817,2
241A,101,31,141,35.2601697163,-120.661361277,5
371,101,17,138,37.1921913043,-121.704440362,23
139,101,28,11,34.5585290909,-120.027575455,4
356,101,17,172,37.0131780814,-121.568917326,23
195,101,31,81,35.2356292593,-120.695010247,5
367,101,17,380,37.1639472105,-121.667262553,23
723,101,25,15,40.9701033333,-124.119948667,30
625,101,29,4,39.95692,-123.76089,32
191B,101,31,37,35.1813240541,-120.652501351,5
674,101,25,6,40.4497483333,-124.045665,30
245,101,27,63,35.8749846032,-120.838639683,3
78,101,34,159,34.3550498113,-119.420592201,2
548B,101,29,10,39.149721,-123.196365,32
02A,105,2,45,34.0152644444,-118.352156889,8
09,105,2,3619,33.9144206549,-118.17468089,8
01D,105,2,38,33.9290821053,-118.365484737,8
02B,105,2,176,33.9005239773,-118.33694358,8
05,105,2,618,33.936112767,-118.313737783,8
07B,105,2,696,33.9332621408,-118.261888118,8
03,105,2,382,33.907615288,-118.342042461,8
01,105,2,188,33.9109829787,-118.38896984,8
07A,105,2,333,33.9132606907,-118.286911772,8
01A,110,2,128,33.7438527344,-118.285758125,8
27,118,34,231,34.2798969697,-118.699288571,2
37,118,2,346,34.2704697688,-118.528777081,8
24,118,34,137,34.2791759124,-118.746876715,2
23,118,34,169,34.2708770414,-118.759481361,2
28,118,34,110,34.27778,-118.677226636,2
41,118,2,274,34.2626211679,-118.477093248,8
38,118,2,378,34.2857045238,-118.515712381,8
18A,118,34,63,34.281578254,-118.84121254,2
25,118,34,287,34.2796763763,-118.716207178,2
29,118,34,147,34.2787615646,-118.66628102,2
42A,118,2,101,34.2645663366,-118.47130099,8
30,118,34,322,34.2685947826,-118.637724099,2
42B,118,2,593,34.2617545531,-118.456569157,8
40B,118,2,263,34.2708992015,-118.485562662,8
40A,118,2,164,34.271455122,-118.487728537,8
34,118,2,320,34.2744059688,-118.595319875,8
44B,118,2,210,34.2858285714,-118.442837333,8
45,118,2,81,34.2830102469,-118.415718519,8
44C,118,2,146,34.3090235616,-118.422645479,8
35,118,2,189,34.2886404762,-118.577326032,8
36,118,2,171,34.2728926901,-118.558533392,8
19B,118,34,313,34.299986869,-118.870979808,2
22,118,34,110,34.2831354545,-118.779064091,2
44A,118,2,26,34.3612011538,-118.443561154,8
19A,118,34,150,34.2889814667,-118.8377208,2
01C,120,0,166,37.7860816265,-121.265027169,6
03,120,0,83,37.7887609639,-121.243231566,6
05,120,0,33,37.7893827273,-121.237619697,6
04,120,0,121,37.7754477686,-121.220269835,6
01,120,0,76,37.8061901316,-121.303256316,6
13,126,2,19,34.4233789474,-118.603462105,8
10,126,34,51,34.3407394118,-119.091733137,2
11,126,34,50,34.3412052,-119.0775856,2
0-,126,2,106,34.4252363208,-118.634686604,8
05,126,34,290,34.2989425517,-119.128590966,2
03,126,34,1,34.27246,-119.21383,2
09,126,34,122,34.3197055738,-119.099675738,2
13A,134,2,273,34.1718171062,-118.167091172,8
06,134,2,275,34.1771778182,-118.269097091,8
04,134,2,196,34.1541520408,-118.286133265,8
08,134,2,418,34.1602106459,-118.235798421,8
05B,134,2,517,34.1667403482,-118.277364352,8
11,134,2,219,34.1490014612,-118.177125753,8
09A,134,2,52,34.1632571154,-118.218564423,8
07B,134,2,507,34.1702309665,-118.240469487,8
09B,134,2,423,34.145886643,-118.20824305,8
07A,134,2,247,34.1584044534,-118.261822551,8
11A,170,2,132,34.2321658333,-118.412798106,8
08C,170,2,443,34.2034122573,-118.40132912,8
06B,170,2,277,34.1688798917,-118.385725451,8
07,170,2,276,34.1777311594,-118.394332391,8
05B,170,2,143,34.16019,-118.383866224,8
09C,170,2,551,34.2156351543,-118.402818475,8
10,170,2,178,34.2153686517,-118.414678652,8
08A,170,2,305,34.1820151148,-118.39366918,8
06A,170,2,362,34.164344337,-118.380991657,8
86,198,35,32,36.3186465625,-119.63802625,36
110,198,24,16,36.326844375,-119.21742625,29
87A,198,35,11,36.31493,-119.662177273,36
101,198,24,63,36.321551746,-119.397906984,29
79,198,35,42,36.2941328571,-119.761821667,36
84,198,35,84,36.3298357143,-119.610562619,36
73,198,35,2,36.383985,-119.6298,36
81,198,35,95,36.315044,-119.703513158,36
105A,198,24,71,36.3246861972,-119.329325211,29
105B,198,24,109,36.3294734862,-119.295173486,29
87B,198,35,41,36.3216946341,-119.620443415,36
107B,198,24,64,36.3294735938,-119.264764062,29
77,198,35,32,36.2955096875,-119.777770937,36
107A,198,24,63,36.3268925397,-119.28723619,29
83,198,35,70,36.3116731429,-119.676276571,36
85,198,35,80,36.31586625,-119.656650625,36
108,198,24,47,36.3257291489,-119.247657021,29
02,205,0,58,37.6505494828,-121.49713931,6
08,205,0,199,37.7483482915,-121.420618643,6
06,205,0,226,37.7581808407,-121.469213451,6
04,205,0,198,37.7243969192,-121.47096803,6
22,215,16,163,33.834007362,-117.264610982,22
27B,215,16,254,33.8867705906,-117.296765,22
18,215,16,60,33.7751781667,-117.236395333,22
10,215,16,184,33.6888379891,-117.172906413,22
01,215,16,199,33.558269196,-117.186647839,22
25,215,16,206,33.8662574757,-117.273927913,22
19,215,16,282,33.7908845745,-117.244460957,22
27A,215,16,157,33.8927117197,-117.275618025,22
29,215,16,238,33.9591016387,-117.306539118,22
04,215,16,255,33.5979464706,-117.181701608,22
02,215,16,175,33.6259666857,-117.183046057,22
23,215,16,206,33.8810758738,-117.279164223,22
07,215,16,276,33.6559068478,-117.177215362,22
28,215,16,189,33.924954709,-117.281922169,22
36,280,18,25,37.4732832,-122.3659232,0
34,280,18,28,37.5256517857,-122.3592575,0
47A,280,18,159,37.5994445283,-122.454097799,0
01B,280,17,388,37.3260000258,-121.851947036,23
52,280,30,110,37.6533575455,-122.414864545,33
56,280,30,43,37.708792093,-122.369571628,33
54B,280,30,83,37.7031674699,-122.378664096,33
42,280,18,93,37.5431280645,-122.412196774,0
53,280,30,195,37.6790261538,-122.394444974,33
40,280,18,2,37.595225,-122.41824,0
05A,280,17,829,37.2977392521,-121.910381037,23
46,280,18,60,37.6318746667,-122.440719333,0
04,280,17,43,37.30661,-121.869437907,23
55,280,30,56,37.6460360714,-122.372899464,33
50,280,30,225,37.6721562222,-122.426698667,33
48,280,18,64,37.5909221875,-122.449817031,0
43B,280,18,177,37.5784811299,-122.43097322,0
24,280,18,104,37.41745375,-122.207722019,0
41,280,18,40,37.611437,-122.42650575,0
47B,280,18,43,37.6005090698,-122.46284814,0
39,280,18,12,37.5259108333,-122.366595833,0
51,280,30,106,37.7055679245,-122.432063491,33
43A,280,18,48,37.6126779167,-122.40619375,0
25,280,18,30,37.424517,-122.250868667,0
03B,280,17,639,37.3164726291,-121.889613099,23
33,280,18,39,37.4566976923,-122.271181026,0
45,280,18,156,37.5705511538,-122.430320321,0
01A,280,17,562,37.3302818149,-121.839652829,23
03A,280,17,156,37.3229237821,-121.895845385,23
44,280,18,58,37.6210468966,-122.430874828,0
02A,280,17,364,37.3210991484,-121.860324863,23
58B,680,36,24,38.0998391667,-122.173878333,37
18B,680,19,261,37.5374111494,-121.854256092,24
02B,680,17,267,37.3757080899,-121.832653071,23
01B,680,17,70,37.3497814286,-121.803751857,23
25,680,19,146,37.6518058219,-121.866180137,24
38,680,1,96,37.791151875,-121.977169583,7
14,680,19,164,37.4745695122,-121.915816037,24
49B,680,1,34,37.9396408824,-122.063634118,7
31,680,1,215,37.7277367442,-121.942705023,7
48,680,1,12,37.9074741667,-122.06128,7
39,680,1,16,37.803745625,-121.92105125,7
04,680,17,140,37.3779685,-121.831152571,23
05,680,17,272,37.3883268015,-121.862565257,23
34,680,1,156,37.7646857692,-121.959601026,7
21A,680,19,65,37.5352456923,-121.855379846,24
36,680,1,409,37.7726630562,-121.976737457,7
61,680,36,59,38.1263477966,-122.101217458,37
22,680,19,184,37.6111981522,-121.858987174,24
65,680,36,89,38.179888427,-122.121610112,37
12,680,19,332,37.4716090964,-121.910288614,24
49A,680,1,18,37.9424905556,-122.059860556,7
0-,680,19,189,37.4632104233,-121.899511217,24
08,680,17,133,37.43678,-121.882796917,23
60,680,36,47,38.0891614894,-122.116193617,37
40,680,1,15,37.83187,-122.004112,7
42,680,1,47,37.8578157447,-122.031283191,7
18A,680,19,126,37.5533201587,-121.889549683,24
16,680,19,146,37.540175411,-121.894478356,24
06,680,17,239,37.4000698745,-121.863701841,23
20,680,19,151,37.5720198013,-121.874973444,24
01C,680,17,104,37.3667203846,-121.818009231,23
01A,680,17,482,37.3395301452,-121.819982739,23
41,680,1,43,37.871885814,-122.005985349,7
43,680,1,53,37.8703277358,-122.041536604,7
63,680,36,63,38.1321903175,-122.116939524,37
26,680,19,205,37.6549665366,-121.906082878,24
21B,680,19,53,37.6275473585,-121.853567358,24
58A,680,36,25,38.0615768,-122.1286528,37
02A,680,17,328,37.3712324695,-121.816647774,23
15,680,19,12,37.5987091667,-121.892714167,24
